{
  "overall": {
    "n": 108,
    "auc": 0.5618863955119214,
    "accuracy": 0.5185185185185185,
    "f1_macro": 0.5178571428571428,
    "f1_pos": 0.5,
    "precision": 0.6190476190476191,
    "recall": 0.41935483870967744,
    "pos_ratio": 0.5740740740740741
  },
  "final_turn": {
    "n": 30,
    "auc": 0.6296296296296297,
    "accuracy": 0.4666666666666667
  },
  "config": {
    "fold": 1,
    "model": "meta-llama/Meta-Llama-3.1-8B-Instruct",
    "quantize": "4-bit NF4",
    "aggregation": "mean-ar",
    "approach": "zero-shot",
    "elapsed_minutes": 3.93
  }
}