{
  "fine_tuned": {
    "n": 241,
    "auc": 0.5247985347985348,
    "accuracy": 0.5352697095435685,
    "f1_macro": 0.5263896687254352,
    "skipped": 0
  },
  "zero_shot": {
    "n": 241,
    "auc": 0.49875457875457874,
    "accuracy": 0.47717842323651455,
    "f1_macro": 0.4745639534883721,
    "skipped": 0
  },
  "improvement": {
    "auc_delta": 0.02604395604395604,
    "accuracy_delta": 0.0580912863070539
  }
}