{
  "train_loss": [
    0.8136910385510419,
    3.001687573709205,
    0.7623527590185404,
    1.415739969117567,
    0.9604330416768789,
    0.7328767850995064,
    0.6868004947900772,
    0.8002507891505957,
    0.8715947363525629,
    0.6854172050952911,
    0.6852608919143677,
    0.6909716427326202,
    1.0276949293911457,
    0.6826747246086597,
    0.7015694156289101,
    0.6774406880140305,
    0.6825251691043377,
    0.7214069962501526,
    0.6839945688843727,
    0.6618871763348579,
    0.6277879970148206,
    0.8081711390987039,
    0.7678236477077007,
    0.6518435757607222
  ],
  "val_metrics": [
    {
      "step": 0,
      "auc": 0.4467799642218247,
      "acc": 0.4631578947368421,
      "is_baseline": true
    },
    {
      "step": 12,
      "auc": 0.438953488372093,
      "acc": 0.5473684210526316,
      "epoch_end": true
    },
    {
      "step": 24,
      "auc": 0.5194543828264758,
      "acc": 0.4842105263157895,
      "epoch_end": true
    }
  ],
  "best_val_auc": 0.5194543828264758
}